"variable","label","class"
"id2","Interviewee ID","numeric"
"idhousehold2","Household ID","numeric"
"psu","Primary Sampling Unit","numeric"
"calibrated_weight","Calibrated weight","numeric"
"stratum","Stratum","numeric"
"region","Region","haven_labelled"
"area","Area","haven_labelled"
"nresidents","Total of people living in this home","numeric"
"ar8","What is the sex of the head of the household","haven_labelled"
"ar10","Age of the head of the household","numeric"
"age2","Age of the resident 2","numeric"
"sex2","Sex of the resident 2","haven_labelled"
"relationship2","Relationship with the head of the household: resident 2","haven_labelled"
"age3","Age of the resident 3","numeric"
"sex3","Sex of the resident 3","haven_labelled"
"relationship3","Relationship with the head of the household: resident 3","haven_labelled"
"age4","Age of the resident 4","numeric"
"sex4","Sex of the resident 4","haven_labelled"
"relationship4","Relationship with the head of the household: resident 4","haven_labelled"
"age5","Age of the resident 5","numeric"
"sex5","Sex of the resident 5","haven_labelled"
"relationship5","Relationship with the head of the household: resident 5","haven_labelled"
"age6","Age of the resident 6","numeric"
"sex6","Sex of the resident 6","haven_labelled"
"relationship6","Relationship with the head of the household: resident 6","haven_labelled"
"age7","Age of the resident 7","numeric"
"sex7","Sex of the resident 7","haven_labelled"
"relationship7","Relationship with the head of the household: resident 7","haven_labelled"
"age8","Age of the resident 8","numeric"
"sex8","Sex of the resident 8","haven_labelled"
"relationship8","Relationship with the head of the household: resident 8","haven_labelled"
"age9","Age of the resident 9","numeric"
"sex9","Sex of the resident 9","haven_labelled"
"relationship9","Relationship with the head of the household: resident 9","haven_labelled"
"age10","Age of the resident 10","numeric"
"sex10","Sex of the resident 10","haven_labelled"
"relationship10","Relationship with the head of the household: resident 10","haven_labelled"
"age11","Age of the resident 11","numeric"
"sex11","Sex of the resident 11","haven_labelled"
"relationship11","Relationship with the head of the household: resident 11","haven_labelled"
"age12","Age of the resident 12","numeric"
"sex12","Sex of the resident 12","haven_labelled"
"relationship12","Relationship with the head of the household: resident 12","haven_labelled"
"a1","This property is:","haven_labelled"
"a2","Is the access to the household made through a staircase?","haven_labelled"
"a3","How many steps does this staircase have?","haven_labelled"
"a4","Is there a ramp to access the household?","haven_labelled"
"a5","The access to the apartment is made by:","haven_labelled"
"a6","How many stairwells lead to the apartment?","haven_labelled"
"a7","The predominant material on the outside walls of the household is:","haven_labelled"
"a8","Is the street of the household asphalted or paved with stones or other material?","haven_labelled"
"a8_1","What is the main fuel used for cooking in this house?","haven_labelled"
"a9","How many rooms are there in this house, including living rooms, bathrooms etc.?","haven_labelled"
"a10","How many rooms are permanently serving as dormitory for the residents?","haven_labelled"
"a11","Is there running water (piped) in this house in at least one room?","haven_labelled"
"a12","How many bathrooms or toilets are there in this house?","haven_labelled"
"a13","Are there adaptations in this house for people with limited mobility?","haven_labelled"
"a14_1","Are there handrails or adaptations on the bathrooms in this house?","haven_labelled"
"a14_2","Are there handrails or adaptations in other rooms or in the areas of circulation","haven_labelled"
"a14_3","Are there handrails or adaptations on the staircases?","haven_labelled"
"a14_4","Are there other adaptations in this house not mentioned before?","haven_labelled"
"a15","Is this household registered with the Family Health Program/Strategy/Unit?","haven_labelled"
"a16","When did this household get registered?","haven_labelled"
"a17","Visit frequency by a Community Health Agent or by any other member of the FHP?","haven_labelled"
"b1","This house/property is:","haven_labelled"
"b2","Who is the main owner of this house/property?","haven_labelled"
"b3","What was the amount spent with the last monthly mortgage payment of this house/p","haven_labelled"
"b4","How much is still remaining for you to pay this house/property off?","haven_labelled"
"b5","What was the amount spent with the last rental payment of this house/property?","haven_labelled"
"b6","In your opinion, how much would this house/property be worth if it was sold now?","haven_labelled"
"b7","Excluding this house/property, do you or any other member of this household own","haven_labelled"
"b8","Excluding this house, how much all these properties would be worth?","haven_labelled"
"b9","Refrigerator","haven_labelled"
"b10","How many?","haven_labelled"
"b11","Washing machine","haven_labelled"
"b12","How many?","haven_labelled"
"b13","Dryer (attached or not to the washing machine)","haven_labelled"
"b14","How many?","haven_labelled"
"b15","Dishwasher","haven_labelled"
"b16","How many?","haven_labelled"
"b17","Microwave","haven_labelled"
"b18","How many?","haven_labelled"
"b19","Color TV","haven_labelled"
"b20","How many?","haven_labelled"
"b21","VCR and/or DVD and/or equivalent","haven_labelled"
"b22","How many?","haven_labelled"
"b23","Landline","haven_labelled"
"b24","How many?","haven_labelled"
"b25","Cellular phone","haven_labelled"
"b26","How many?","haven_labelled"
"b27","Air conditioner","haven_labelled"
"b28","How many?","haven_labelled"
"b29","Computer","haven_labelled"
"b30","How many?","haven_labelled"
"b31","Access to the Internet in this household","haven_labelled"
"b32","Cable or satellite TV  (Net, Sky, Direct TV etc)?","haven_labelled"
"b33","Motorcycles or other motor two-wheelers combustion vehicles","haven_labelled"
"b34","How many?","haven_labelled"
"b35","Automobiles","haven_labelled"
"b36","How many?","haven_labelled"
"b37","If all these vehicles were sold today, how much would they be worth?","haven_labelled"
"b38","Are there any domestic employees working at this household?","haven_labelled"
"b39","In the last month, what was the total spent with all domestic employees?","haven_labelled"
"c1","In the last week, on a typical day, how many people had meals in this house?","haven_labelled"
"c2","In the last month, how much was spent with grocery shopping, butchers, street ma","haven_labelled"
"c3","Eat legumes, vegetables, fruits, meat that are farmed, produced, caught, harvest","haven_labelled"
"c4","In the last month, what was the worth of the food produced at home that resident","haven_labelled"
"c5","In the last month, how much did you and the other residents of this household sp","haven_labelled"
"c6","In the last month, how much was spent approximately on the electricity, water, a","haven_labelled"
"c7","In the last month, how much was spent with the payment of condo fees?","haven_labelled"
"c8","In the last month, how much was spent on local transportation?","haven_labelled"
"c9","In the last month, how much was spent on fuel and maintenance of vehicles?","haven_labelled"
"c10","In the last month, how much was spent with telephone bills, cable TV and Interne","haven_labelled"
"c11","In the last month, how much was spent on leisure/entertainment?","haven_labelled"
"c12","In the last year, how much was spent with the payment of the Last Property Tax B","haven_labelled"
"c13","In the last year, how much was spent with the Automotive Ownership Tax (IPVA)?","haven_labelled"
"c14","In the last year, how much was spend on the purchase of motor vehicles?","haven_labelled"
"c15","In the last 12 months, how much was spend with education/school?","haven_labelled"
"c16","Do you or  the other residents of this household have private health insurance?","haven_labelled"
"c17","In the last month, how much was spent on private health insurance monthly fees?","haven_labelled"
"c18","In the last 12 months, how much was spend with other expenses?","haven_labelled"
"d1","Have had any income from salaries or independent activities?","haven_labelled"
"d2","What is the amount of this income?","haven_labelled"
"d3","What is the range that best represents the total of this gain?","haven_labelled"
"d4","Have received any income from retirement benefits or death pension?","haven_labelled"
"d5","What is the amount of this income?","haven_labelled"
"d6","What is the range that best represents the total of this gain?","haven_labelled"
"d7","Have received the BPC-LOAS, Bolsa FamÃ­lia, alimony or donation?","haven_labelled"
"d8","What is the amount of this income?","haven_labelled"
"d9","What is the range that best represents the total of this gain?","haven_labelled"
"d16","Have received any income from rentals or leases?","haven_labelled"
"d17","What is the amount of this income?","haven_labelled"
"d18","What is the range that best represents the total of this gain?","haven_labelled"
"d22","Have received any earnings from another source?","haven_labelled"
"d23","What is the amount of this income?","haven_labelled"
"d24","What is the range that best represents the total of this gain?","haven_labelled"
"d28_1","Total amount of the monthly income of this household","haven_labelled"
"d28","What is the range that best represents the total amount of the monthly income of","haven_labelled"
"d29","Which alternative best describes the income of all residents of the household?","haven_labelled"
"d30a","Who is the main informant of the Household Module?","haven_labelled"
"d30","What is relationship of the main informant of the Household Module?","haven_labelled"
"sex","Sex","haven_labelled"
"age","Age","haven_labelled"
"relationship","Relationship","haven_labelled"
"e2","Were you born in Brazil?","haven_labelled"
"e3","How old were you when you moved to Brazil?","haven_labelled"
"e5","How long have you been living in this municipality?","haven_labelled"
"e6","Have you lived in a rural area until age 15?","haven_labelled"
"e7","What is your current marital status?","haven_labelled"
"e8","How long have you been in your current marital status?","haven_labelled"
"e9","Which of the following options best describes your race?","haven_labelled"
"e10","Do you have any indigenous relative to the second degree?","haven_labelled"
"e11","How many live children do you have?","haven_labelled"
"e12","How many live grandchildren or great-grandchildren do you have?","haven_labelled"
"e13","How many live siblings do you have?","haven_labelled"
"e14","Is your biological mother alive?","haven_labelled"
"e15","How old is she?","haven_labelled"
"e16","How old was she when she died?","haven_labelled"
"e17","What is (was) the level of education of your mother?","haven_labelled"
"e18","Is your biological father alive?","haven_labelled"
"e19","How old is he?","haven_labelled"
"e20","How old was he when he died?","haven_labelled"
"e21","What is (was) the level of education of your father?","haven_labelled"
"e22","What was the highest grade in school that you completed?","haven_labelled"
"e23","How old were you when you started school?","haven_labelled"
"e24","Are you currently attending the University for the Elderly (Universidade da Terc","haven_labelled"
"e25_0","Are you not currently attending any informal course?","haven_labelled"
"e25_2","Are you currently attending any course of Foreign language?","haven_labelled"
"e25_3","Are you currently attending any course of data processing or computer sciences?","haven_labelled"
"e25_4","Are you currently attending cooking classes?","haven_labelled"
"e25_5","Are you currently attending tailoring classes?","haven_labelled"
"e25_6","Are you currently attending any Arts  classes (painting, drawing, ceramics, craf","haven_labelled"
"e25_7","Are you currently attending any other informal course not mentioned before?","haven_labelled"
"e26","Was this section answered with someone elseâ€™s assistance?","haven_labelled"
"f1","Will this interview be performed in an urban area?","haven_labelled"
"f2","Are there in your neighborhood damaged or abandoned houses and buildings?","haven_labelled"
"f3","Are there in your neighborhood garbage, rubbish or tall grass on the streets, si","haven_labelled"
"f4","In your neighborhood, does the sound/noise of buses and cars bother you?","haven_labelled"
"f5","Thinking about crime and violence, which of the following sentences best defines","haven_labelled"
"f6","In the last 3 months, have you seen rats or signs of them on the street where yo","haven_labelled"
"f7","When you leave your home, are you concerned about falling due to damaged sidewal","haven_labelled"
"f8","When you leave your home, are you concerned about having difficulties hopping on","haven_labelled"
"f9","When you leave your home, are you concerned about having difficulties crossing t","haven_labelled"
"f10","In the last 12 months, were you a victim of a theft, robbery or had your home br","haven_labelled"
"f11","Is your neighborhood a good place to live?","haven_labelled"
"f12","Do you believe you can trust most people in your neighborhood?","haven_labelled"
"f13","Do kids and younger people on your neighborhood treat adults with respect?","haven_labelled"
"f14","Is your neighborhood a good place for kids to play and to raise teenagers?","haven_labelled"
"f15","Is it nice to walk, jog, or ride a bicycle in your neighborhood?","haven_labelled"
"f16","Are there in your neighborhood grocery shops, street markets or other selling po","haven_labelled"
"f17","Would you like to move away from where you live now?","haven_labelled"
"f18","Would you like to move away due to the violence?","haven_labelled"
"f19","Would you like to move away to have better access to services?","haven_labelled"
"f20","Would you like to move away to be closer to family or to the work place?","haven_labelled"
"f20_1","Would you like to move away due to any other reason not mentioned?","haven_labelled"
"f21","Was this section answered with someone elseâ€™s assistance?","haven_labelled"
"g1","Do you know or have you heard about the Statute of the Elderly?","haven_labelled"
"g2","In your opinion, do you think that the Statute of the Elderly is respected in Br","haven_labelled"
"g3_1","Is there discrimination related to elderly people?","haven_labelled"
"g3_2","Is there discrimination related to people with physical/mentaldisability?","haven_labelled"
"g3_3","Is there discrimination related to people of another religion or belief?","haven_labelled"
"g3_4","Is there discrimination related to people's skin color?","haven_labelled"
"g3_5","Is there discrimination related to poor people","haven_labelled"
"g3_6","Is there discrimination related to homosexuals/bisexuals","haven_labelled"
"g3_7"," Compared to other people, are you treated with less courtesy or respect?","haven_labelled"
"g3_8"," Compared to other people, do you receive worse services in restaurants or store","haven_labelled"
"g3_9"," Do people act as if you are less smart?","haven_labelled"
"g3_10"," Do people act as if they are afraid of you?","haven_labelled"
"g3_11"," Do you feel threatened or harassed?","haven_labelled"
"g3_12"," Compared to other people, do you receive poorer quality medical or hospital tre","haven_labelled"
"g3_13_1"," Did these experiences happen to you due to your nationality?","haven_labelled"
"g3_13_2"," Did these experiences happen to you due to your gender (being male or female)?","haven_labelled"
"g3_13_3"," Did these experiences happen to you due to your skin color/race or ethnicity?","haven_labelled"
"g3_13_4","Did these experiences happen to you due to your age?","haven_labelled"
"g3_13_5","Did these experiences happen to you due to  your religion?","haven_labelled"
"g3_13_6","Did these experiences happen to you due to your weight?","haven_labelled"
"g3_13_7","Did these experiences happen to you due to some physical limitation/problem?","haven_labelled"
"g3_13_8","Did these experiences happen to you due to your physical appearance?","haven_labelled"
"g3_13_9","Did these experiences happen to you due to your sexual orientation?","haven_labelled"
"g3_13_10","Did these experiences happen to you due to your economic condition?","haven_labelled"
"g3_13_11","Did these experiences happen to you for another reason?","haven_labelled"
"g4_1","Have you felt a victim of any kind of discrimination when you sought medical ser","haven_labelled"
"g4_2","Have you felt a victim of any kind of discrimination in social gatherings?","haven_labelled"
"g4_3","Have you felt a victim of any kind of discrimination in the work place?","haven_labelled"
"g4_4","Have you felt a victim of any kind of discrimination within the family?","haven_labelled"
"g4_5","Have you felt a victim of any kind of discrimination due to place where you live","haven_labelled"
"g5","Was this section answered with someone elseâ€™s assistance?","haven_labelled"
"h1","Were you living with your own family when you were 10 years old?","haven_labelled"
"h2","Where were you living when you were 10 years old?","haven_labelled"
"h3","How many bedrooms were there in your home when you were 10 years old?","haven_labelled"
"h4","How many people, other than you, were living in your home when you were 10 years","haven_labelled"
"h5","In your home, when you were 10 years old, was there water supply with plumbing (","haven_labelled"
"h6","Were you in school when you were 10 years old?","haven_labelled"
"h7","When you were 10 years old, compared to your school friends, how would you defin","haven_labelled"
"h8","In the place where you lived when you were 10 years old, were there books?","haven_labelled"
"h9","Approximately, how many books were there in the place where you were living when","haven_labelled"
"h10","Considering your childhood, since your birth to 15 years old, you would say that","haven_labelled"
"h11","Would you say that your health, since your birth to 15 years old, was:","haven_labelled"
"h12","Up to 15 years old, were you absent from school for a month or longer due to hea","haven_labelled"
"h13","From your birth until you were 15 years old, did you have measles, rubella, chic","haven_labelled"
"h14","From your birth until you were 15 years old, did you have poliomyelitis (polio)?","haven_labelled"
"h15","From your birth until you were 15 years old, did you have asthma or other respir","haven_labelled"
"h16","From your birth until you were 15 years old, did you have allergy (not asthma)?","haven_labelled"
"h17","From your birth until you were 15 years old, did you have severe diarrhea (typho","haven_labelled"
"h18","From your birth until you were 15 years old, did you have meningitis or encephal","haven_labelled"
"h19","From your birth until you were 15 years old, did you have chronic ear problems?","haven_labelled"
"h20","From your birth until you were 15 years old, did you have any speech issues?","haven_labelled"
"h21","From your birth until you were 15 years old, did you have eyesight difficulties,","haven_labelled"
"h22","From your birth until you were 15 years old, did you have tuberculosis?","haven_labelled"
"h23","From your birth until you were 15 years old, were you vaccinated against any dis","haven_labelled"
"h24","From your birth until you were 15 years old, have you ever had a lack of food in","haven_labelled"
"h25","Thinking about your childhood and adolescence, would you say that your current s","haven_labelled"
"h26","Was this section answered with someone elseâ€™s assistance?","haven_labelled"
"i0_1"," Have you ever had any work in your life FOR AT LEAST 6 CONSECUTIVE MONTHS, for","haven_labelled"
"i0_2"," What is the main reason why you have never worked?","haven_labelled"
"i0_3","How old were you when you STARTED working, FOR AT LEAST 6 MONTHS, receiving paym","haven_labelled"
"i0_5","How old are you when you STOPPED working?","haven_labelled"
"i0_7"," For most of your life, what was your main occupation?","haven_labelled"
"i0_8"," During most of your life, would you say that:","haven_labelled"
"i0_9","How would you describe the physical demands of the job you had for the most part","haven_labelled"
"i0_10"," DURING YOUR LIFE, how often did you have to work intensely, that is, produce in","haven_labelled"
"i0_11","Did the occupations that you held THROUGHOUT YOUR LIFE required formal training","haven_labelled"
"i0_12"," In general, how do you feel about the jobs you have had during your life?","haven_labelled"
"i0_13","Have you worked with a monetary compensation in the LAST 12 MONTHS?","haven_labelled"
"i0_14","In the LAST 12 MONTHS, for how many MONTHS have you worked with a monetary compe","haven_labelled"
"i0_15","In the LAST 12 MONTHS, what was your main occupation?","haven_labelled"
"i0_16","During the LAST 12 MONTHS, would you say that most of the time:","haven_labelled"
"i0_17","How would you describe the physical demands of the job you had most of the time,","haven_labelled"
"i0_18","How many people, including you, work(ed) there?","haven_labelled"
"i0_19"," Did you have responsibility to supervise the work of other people?","haven_labelled"
"i0_20"," You are (was) satisfied with your work.","haven_labelled"
"i0_21"," The work has (had) a lot of physical demands.","haven_labelled"
"i0_22"," You are (was) under constant time pressure due to a heavy workload.","haven_labelled"
"i0_23"," You have (had) little freedom to decide how you do (did) your work.","haven_labelled"
"i0_24","You have (had) freedom to develop new skills.","haven_labelled"
"i0_25","You receive (received) adequate support in difficult situations at work.","haven_labelled"
"i0_26","Considering all the efforts and achievements, you consider that your salary is (","haven_labelled"
"i0_27"," You consider(ed) your job to be very safe.","haven_labelled"
"i0_28"," Have you worked with a monetary compensation in the LAST 30 DAYS?","haven_labelled"
"i0_29","In the LAST 30 DAYS, how many hours per week have you worked with a monetary com","haven_labelled"
"i0_30","Why havenâ€™t you worked with a monetary compensation in the LAST 30 DAYS?","haven_labelled"
"i0_31","How would you evaluate your current ability to work?","haven_labelled"
"i0_31_1","Give a score between 1 and 10 for your current ability to work.","haven_labelled"
"i0_32","Are you retired?","haven_labelled"
"i17_1","Does your retirement benefit come from the social security (INSS)?","haven_labelled"
"i17_2","Does your retirement benefit come from the Rural Worker Assistance Fund (FUNRURA","haven_labelled"
"i17_3","Does your retirement benefit  come from the Municipal Public Sector?","haven_labelled"
"i17_4","Does your retirement benefit come from the State Public Sector?","haven_labelled"
"i17_5","Does your retirement benefit come from the Federal Public Sector?","haven_labelled"
"i17_6","Is your retirement benefit private or do you receive a private retirement supple","haven_labelled"
"i17_7","Do you receive a death benefit from your spouse or parent?","haven_labelled"
"i18","How old were you when you retired?","haven_labelled"
"i19","What was the reason for your retirement?","haven_labelled"
"i19_1","How has retirement been for you?","haven_labelled"
"i20_0","Do you or your employer contributes to the social security (INSS), or do you pay","haven_labelled"
"i20"," At what age are you planning to retire?","haven_labelled"
"i20_1","Are you concerned that your health will limit your ability to work before you ha","haven_labelled"
"i21","What are you planning to do when you retire?","haven_labelled"
"i23_1","To support yourself in the future, do you contribute to public or private pensio","haven_labelled"
"i23_2","To support yourself in the future, will you use savings or financial investments","haven_labelled"
"i23_3","To support yourself in the future, will you have income from rented properties?","haven_labelled"
"i23_4","To support yourself in the future, will you sell any of your assets?","haven_labelled"
"i23_5","To support yourself in the future, will you rely on the help of your children or","haven_labelled"
"i23_6","To support yourself in the future, do you expect to receive pension or social be","haven_labelled"
"i23_7","To support yourself in the future, do you plan to start contributing to social s","haven_labelled"
"i23_8_1"," To support yourself in the future, will you receive a retirement or pension fro","haven_labelled"
"i23_8","Do you have not thought about to support yourself in the future yet?","haven_labelled"
"i25","In the last 30 days, how many hours per week have you devoted to unpaid activiti","haven_labelled"
"i26","How do you evaluate your life at this point in terms of income or work?","haven_labelled"
"i27","Was this section answered with someone elseâ€™s assistance?","haven_labelled"
"k0","In the LAST 30 DAYS, have you taken care of someone in your family?","haven_labelled"
"k0_1"," In the LAST 30 DAYS, for how many hours did you take care of this person?","haven_labelled"
"k1","In the last 90 days, have you financially helped for a family member that does n","haven_labelled"
"k2_1","Did you help your son, daughter or son-in-law or daughter-in-law?","haven_labelled"
"k2_2","Did you help your grandson, granddaughter or great-grandson, great-granddaughter","haven_labelled"
"k2_3","Did you help your parents or parents-in-law?","haven_labelled"
"k2_4","Did you help any other family member?","haven_labelled"
"k3","In the last 90 days, how much have you spent with these aids?","haven_labelled"
"k4","Approximately, how much was spent with these aids?","haven_labelled"
"k5","In the last 90 days, have you received financial aid from a family member who do","haven_labelled"
"k6","In the last 90 days, how much have you received with these aids?","haven_labelled"
"k7","Approximately, how much have you received with these aids?","haven_labelled"
"k8","Was this section answered with someone elseâ€™s assistance?","haven_labelled"
"l1","How often do you do vigorous physical activities?","haven_labelled"
"l2","How often do you do moderate physical activities?","haven_labelled"
"l3"," How often do you do low-intensity physical activities?","haven_labelled"
"l5","On how many days of the last week did you walk for at least 10 consecutive minut","haven_labelled"
"l6_1","On the days that you walk for at least 10 consecutive minutes, how many HOURS, i","haven_labelled"
"l6_2","On the days that you walk for at least 10 consecutive minutes, how many MINUTES,","haven_labelled"
"l7","On how many days of the last week did you perform moderate activities for at lea","haven_labelled"
"l8_1","On the days that you perform these MODERATE ACTIVITIES for at least 10 consecuti","haven_labelled"
"l8_2","On the days that you perform these MODERATE ACTIVITIES for at least 10 consecuti","haven_labelled"
"l9","On how many days of the last week did you perform vigorous activities for at lea","haven_labelled"
"l10_1","On the days that you perform these VIGOROUS ACTIVITIES for at least 10 consecuti","haven_labelled"
"l10_2","On the days that you perform these VIGOROUS ACTIVITIES for at least 10 consecuti","haven_labelled"
"l11_1","How many HOURS PER DAY do you STAY SEATED in a typical DAY of the week?","haven_labelled"
"l11_2","How many MINUTES PER DAY do you STAY SEATED in a typical DAY of the week?","haven_labelled"
"l12_1","How many hours per day do you stay seated in a weekend?","haven_labelled"
"l12_2","How many minutes per day do you stay seated in a weekend?","haven_labelled"
"l13","Do you know any public program in your municipality that encourages the practice","haven_labelled"
"l14","Do you participate in this program?","haven_labelled"
"l14_1","On how many days of the week do you usually eat beans?","haven_labelled"
"l14_2","In general,how many times a day do you usually eat beans?","haven_labelled"
"l14_3","On a typical day, how many servings of beans do you eat?","haven_labelled"
"l15","On how many days of the week do you usually eat greens or vegetables?","haven_labelled"
"l16","In general, how many times a day do you usually eat greens or vegetables?","haven_labelled"
"l16_1"," On a typical day, how many servings of greens or vegetables do you eat?","haven_labelled"
"l17","On how many days of the week do you usually drink natural fruit juice?","haven_labelled"
"l18","In general, how many times a day do you drink natural fruit juice?","haven_labelled"
"l18_1","On a typical day, how many glasses of natural fruit juice do you drink?","haven_labelled"
"l19","On how many days of the week do you usually eat fruits?","haven_labelled"
"l20","In general, how many times a day do you eat fruits?","haven_labelled"
"l20_1","On a typical day, how many servings of fruits do you eat?","haven_labelled"
"l21","On how many days of the week do you usually eat red meat?","haven_labelled"
"l22","On how many days of the week do you usually eat poultry?","haven_labelled"
"l23","On how many days of the week do you usually eat fish?","haven_labelled"
"l23_1"," Considering freshly prepared and processed foods, do you think your salt intake","haven_labelled"
"l24","How often do you usually drink any alcoholic beverage?","haven_labelled"
"l25","In the LAST 3 MONTHS, how many DAYS OF THE WEEK did you drink any alcoholic beve","haven_labelled"
"l26","In the LAST 3 MONTHS, on the day that you drank an ALCOHOLIC BEVERAGE, how many","haven_labelled"
"l28","MEN: in the LAST 30 DAYS, have you consumed 5 doses or more of an alcoholic beve","haven_labelled"
"l29","WOMEN: in the LAST 30 DAYS, have you consumed 4 doses or more of an alcoholic be","haven_labelled"
"l30_0","In your lifetime, have you smoked at least 100 cigarettes?","haven_labelled"
"l30","Do you currently smoke?","haven_labelled"
"l30_1","CURRENTLY, how many cigarettes do you usually smoke per day?","haven_labelled"
"l33","How old were you when you started smoking regularly?","haven_labelled"
"l31","Have you smoked in the past?","haven_labelled"
"l32","How long ago have you stopped smoking?","haven_labelled"
"l32_2","When you smoked the most, how many cigarettes did you usually smoke per day?","haven_labelled"
"l39","Was this section answered with someone elseâ€™s assistance?","haven_labelled"
"m2","At what age did you get your first period?","haven_labelled"
"m3","Do you still get your periods?","haven_labelled"
"m4_1","What interval comes closest to the age at which you stopped getting your periods","haven_labelled"
"m5","Have you ever done hormone therapy to relieve menopausal symptoms?","haven_labelled"
"m6","For how long have you done hormone therapy to relieve menopausal symptoms?","haven_labelled"
"m7","Have you ever been pregnant, even if the pregnancy did not come to term?","haven_labelled"
"m8","How old were you when you got pregnant for the first time?","haven_labelled"
"m9","How many childbirths did you have?","haven_labelled"
"m10","How many children were born alive,that is, presented any signs of life at birth?","haven_labelled"
"m11","Did you have a hysterectomy (was your uterus removed)?","haven_labelled"
"m11_1","At what age was your uterus removed?","haven_labelled"
"m12","According to the doctor what was the reason to remove your uterus?","haven_labelled"
"m13","When was the last time you had a Pap smear to prevent cervical cancer?","haven_labelled"
"m14","When was the last time a doctor or a nurse examined your breasts?","haven_labelled"
"m15","When was the last time you had a mammogram or a breast x-ray?","haven_labelled"
"m16","Was this section answered with someone elseâ€™s assistance?","haven_labelled"
"n1","In general, how would you evaluate your health?","haven_labelled"
"n1_1","Compared to 3 YEARS AGO, would you say that your health:","haven_labelled"
"n2","In the last 30 days, for how many days would you say your physical health was no","haven_labelled"
"n3","In the last 30 days, for how many days would you say your mental health was not","haven_labelled"
"n5","Do you wear glasses or contact lenses?","haven_labelled"
"n6","How do you evaluate your far vision, even when using glasses or contact lenses?","haven_labelled"
"n7","How do you evaluate your near vision, even when using glasses or contact lenses?","haven_labelled"
"n8","When was the last time you had an eye exam with an ophthalmologist (eye doctor)?","haven_labelled"
"n9","Glaucoma or suspicion of glaucoma","haven_labelled"
"n10","Diabetic retinopathy (diabetic eye)","haven_labelled"
"n11","Macular degeneration","haven_labelled"
"n12","Cataracts in one or both eyes","haven_labelled"
"n14","Have you had cataract surgery?","haven_labelled"
"n14_1","Your surgery was at:","haven_labelled"
"n15","Do you use a hearing device?","haven_labelled"
"n16","How do you evaluate your hearing (even when using a hearing device)?","haven_labelled"
"n17","Do you find it difficult to follow a conversation if there is a background noise","haven_labelled"
"n18","In the last 12 months have you had a fall?","haven_labelled"
"n19","How many falls have you had in the last 12 months?","haven_labelled"
"n20","Where was your last fall?","haven_labelled"
"n21","In any fall,in the last 12 months,have you fractured (broken) your hip or femur?","haven_labelled"
"n22","Was surgery necessary due to a hip or a femur fracture?","haven_labelled"
"n23","In any fall, in the last 12 months, have you fractured (broken) your wrist or fo","haven_labelled"
"n24","Have you had a surgery to replace the hip joint (femur head) with prosthesis?","haven_labelled"
"n25_1","Was your hip joint replacement due to arthritis?","haven_labelled"
"n25_2","Was your hip joint replacement due to fracture?","haven_labelled"
"n25_3","Was your hip joint replacement due to another reason?","haven_labelled"
"n26","Have you had surgery to replace the knee joint with a prosthesis?","haven_labelled"
"n27","When was the last time you had an exam to check your blood pressure?","haven_labelled"
"n28","Has any doctor ever told you that you have arterial hypertension (high blood pre","haven_labelled"
"n29","How old were you when the doctor told you that you had hypertension?","haven_labelled"
"n30","In general, how much does your hypertension or any complication from it limit yo","haven_labelled"
"n31","Do you take any medication to control your hypertension (high blood pressure)?","haven_labelled"
"n32","Have you ever stopped taking any of the medications for high blood pressure?","haven_labelled"
"n33","Have you ever decreased or increased the number of tablets of any high blood pre","haven_labelled"
"n34","When was the last time you had a blood exam to check your glucose levels?","haven_labelled"
"n35","Has any doctor ever told you that you have diabetes (â€œhigh blood sugarâ€","haven_labelled"
"n36","How old were you when the doctor told you that you had diabetes?","haven_labelled"
"n37","In general, how much does your diabetes or any complication from it prevent you","haven_labelled"
"n38_1","Currently, have you been on diet to control your diabetes?","haven_labelled"
"n38_2","Currently, have you been doing physical activity to control your diabetes?","haven_labelled"
"n38_3","Currently, have you been taking oral medications, such as hypoglycemic agents, t","haven_labelled"
"n38_4","Currently, have you been taking insulin to control your diabetes?","haven_labelled"
"n38_5","Currently, have you been doing anything else to control your diabetes?","haven_labelled"
"n39","Have you ever stopped taking any of the medications for the diabetes?","haven_labelled"
"n40","Have you ever decreased or increased the number of tablets of any diabetes medic","haven_labelled"
"n41","When was the last time an ophthalmologist performed an eye exam or a fundoscopic","haven_labelled"
"n42","When was the last time a doctor or a health care professional checked your feet","haven_labelled"
"n43","When was the last time you had a blood exam to measure your cholesterol?","haven_labelled"
"n44","Has any doctor ever told you that you have high cholesterol?","haven_labelled"
"n45","How old were you when the doctor told you that you had high cholesterol?","haven_labelled"
"n46","Has any doctor ever told you that you had a heart attack?","haven_labelled"
"n47","How old were you when you had a heart attack?","haven_labelled"
"n47_2","Have you had any other heart attacks after that?","haven_labelled"
"n47_3","In total, how many heart attacks have you had?","haven_labelled"
"n47_4","Do you take any medication for a heart attack?","haven_labelled"
"n48","Has any doctor ever told you that you have angina pectoris?","haven_labelled"
"n49","How old were you when you were diagnosed with angina pectoris?","haven_labelled"
"n50","Has any doctor ever told you that you have a heart failure?","haven_labelled"
"n51","How old were you when you were diagnosed with heart failure?","haven_labelled"
"n51_2"," Do you take any medication for heart failure?","haven_labelled"
"n52","Has a doctor ever told you that you had a cerebral vascular accident (stroke)?","haven_labelled"
"n53","How old were you when the doctor told you that you had a stroke?","haven_labelled"
"n53_2","Have you had any other stroke episodes after that?","haven_labelled"
"n53_3","In total, how many stroke episodes have you had?","haven_labelled"
"n53_4","Do you take any medication for this stroke episode(s)?","haven_labelled"
"n53_5","Do you have any problems due to this stroke episode(s)?","haven_labelled"
"n53_6","Do you receive physical therapy, occupational therapy or speech therapy treatmen","haven_labelled"
"n54","Has a doctor ever told you that you have asthma?","haven_labelled"
"n55","Has a doctor ever told you that you have emphysema, chronic bronchitis or COPD?","haven_labelled"
"n55_1","Do you have physical therapy for lung disease?","haven_labelled"
"n55_2","Do you use oxygen or an oxygen pump?","haven_labelled"
"n56","Has a doctor ever told you that you have arthritis or rheumatism?","haven_labelled"
"n57","Has a doctor ever told you that you have osteoporosis?","haven_labelled"
"n58","Has a doctor ever told you that you have chronic column problem?","haven_labelled"
"n59","Has a doctor ever told you that you have depression?","haven_labelled"
"n59_1","Do you take any medication for depression?","haven_labelled"
"n59_2","Has a doctor ever told you that you have a psychiatric problem? (excludes depres","haven_labelled"
"n59_3","Do you take any medication for this psychiatric problem? (excludes depression)?","haven_labelled"
"n60","Has a doctor ever told you that you have or had cancer?","haven_labelled"
"n60_1","How old were you when the doctor told you that you had cancer?","haven_labelled"
"n60_3","In the LAST 2 YEARS, have you had any treatment for cancer?","haven_labelled"
"n60_4"," Was this the first treatment you had for cancer or was the treatment due to a r","haven_labelled"
"n60_51","Was the treatment you had chemotherapy?","haven_labelled"
"n60_52","Was the treatment you had surgery?","haven_labelled"
"n60_53","Was the treatment you had radiation?","haven_labelled"
"n60_54","Was the treatment you had medication for symptoms?","haven_labelled"
"n60_57"," Did you have any other treatment?","haven_labelled"
"n60_7","In these LAST 2 YEARS, have you considered that your cancer:","haven_labelled"
"n61","Has a doctor ever told you that you have chronic renal failure?","haven_labelled"
"n61_01","Has a doctor ever told you that you had dengue?","haven_labelled"
"n61_04","Was the dengue diagnosis confirmed by laboratory testing?","haven_labelled"
"n61_05","Has a doctor ever told you that you had chikungunya?","haven_labelled"
"n61_08","Was the chikungunya diagnosis confirmed by laboratory testing?","haven_labelled"
"n61_09","Has a doctor ever told you that you had Zika?","haven_labelled"
"n61_12","Was the Zika diagnosis confirmed by laboratory testing?","haven_labelled"
"n62","Has a doctor ever told you that you have Parkinsonâ€™s disease?","haven_labelled"
"n63","Has a doctor ever told you that you have Alzheimerâ€™s disease?","haven_labelled"
"n63_1","Do you take any medication for Alzheimer's disease?","haven_labelled"
"n63_2","Has a doctor ever told you that you have a serious memory problem or dementia? (","haven_labelled"
"n63_3","Do you take any medication for this memory problem?","haven_labelled"
"n64","Was anyone in your close family diagnosed with angina pectoris or had a heart at","haven_labelled"
"n65","Was anyone in your close family diagnosed with diabetes?","haven_labelled"
"n66","Have you done a bypass surgery or stent placement or angioplasty?","haven_labelled"
"n67","In the last 12 months, have you taken the flu vaccine?","haven_labelled"
"n68","What was the main reason for not taking the flu vaccine?","haven_labelled"
"n68_1","Have you ever been vaccinated against pneumonia in your life?","haven_labelled"
"n68_2"," In the LAST 10 YEARS, have you had a colonoscopy?","haven_labelled"
"n68_3","Has this exam been done in the last 4 years?","haven_labelled"
"n69","In the last three months, have you lost weight without any dieting?","haven_labelled"
"n70","How many kilograms have you lost in the last 3 months?","haven_labelled"
"n71","What is the range that best represents how many kilograms you have lost in the l","haven_labelled"
"n72","In the last week, how often have you felt you could not handle your activities?","haven_labelled"
"n73"," In the last week, how often have your daily activities required a big effort fr","haven_labelled"
"n74","How would you evaluate the quality of your sleep?","haven_labelled"
"n74_1","How often do you have trouble falling asleep (laying down and sleeping)?","haven_labelled"
"n74_2","How often do you have trouble sleeping because you wake up during the night?","haven_labelled"
"n74_3","How often do you have trouble sleeping because you wake up too early and can't g","haven_labelled"
"n74_4","How often do you wake up rested in the morning?","haven_labelled"
"n74_5","In the LAST 12 MONTHS, how often have you snored, sighed, or lost your breath wh","haven_labelled"
"n74_6","Has a doctor ever told you that you have sleep problems?","haven_labelled"
"n74_71","Was the sleep problem(s) that the doctor said you had sleep apnea?","haven_labelled"
"n74_72","Was the sleep problem(s) that the doctor said you had insomnia?","haven_labelled"
"n74_73","Was the sleep problem(s) that the doctor said you had restlessness in your legs","haven_labelled"
"n74_74","Was the sleep problem(s) that the doctor said you had another problem?","haven_labelled"
"n75","During the last month, did you take medication to sleep?","haven_labelled"
"n75_1","Do you feel pain that bothers you frequently?","haven_labelled"
"n75_2","How intense is this pain most of the time?","haven_labelled"
"n75_3","Does this pain make your daily life difficult, such as in household activities o","haven_labelled"
"n75_4","In the LAST 3 MONTHS, have you taken over-the-counter medication for this pain?","haven_labelled"
"n75_5","In the LAST 3 MONTHS, have you taken stronger pain medications that require a pr","haven_labelled"
"n76","Was this section answered with someone elseâ€™s assistance?","haven_labelled"
"o1","Do you consider the health of your teeth and gums:","haven_labelled"
"o2","Do you think that you currently need dental treatment?","haven_labelled"
"o3","When was the last time you went to the dentist?","haven_labelled"
"o4","Your latest dental appointment was performed at:","haven_labelled"
"o5","What was the main reason of your latest dental appointment?","haven_labelled"
"o5_1","Have you lost any teeth in the LAST 3 YEARS?","haven_labelled"
"o6","How many natural teeth do you have?","haven_labelled"
"o7","For how long have you been without your teeth?","haven_labelled"
"o7_1","How old were you when you lost all your teeth?","haven_labelled"
"o8","Have you had a toothache in the last 6 months?","haven_labelled"
"o9","How many natural teeth do you have on the upper part of your mouth?","haven_labelled"
"o10","How many natural teeth do you have on the lower part of your mouth?","haven_labelled"
"o11","Do you use any kind of removable dental prosthesis â€“ on the lower part of","haven_labelled"
"o12","Do you use any kind of removable dental prosthesis â€“ on the upper part of","haven_labelled"
"o13","Your dental prosthesis was placed:","haven_labelled"
"o14","Have you done any dental implants?","haven_labelled"
"o15_1","Do you use tooth brush to clean up your mouth and teeth?","haven_labelled"
"o15_2","Do you use tooth paste to clean up your mouth and teeth?","haven_labelled"
"o15_3","Do you use dental floss to clean up your mouth and teeth?","haven_labelled"
"o15_4","Do you use tongue scraper to clean up your mouth and teeth?","haven_labelled"
"o15_5","Do you use only water to clean up your mouth and teeth?","haven_labelled"
"o15_6","Do you use another thing to clean up your mouth and teeth?","haven_labelled"
"o16","Has your dentist ever told you that you have/had gum disease?","haven_labelled"
"o17","Does your gum currently bleed?","haven_labelled"
"o17_01","Do you use or have you ever used dental braces?","haven_labelled"
"o17_02","Do you have difficulty opening your mouth wide?","haven_labelled"
"o17_03","Do you have difficulty moving your jaw sideways?","haven_labelled"
"o17_04","Do you have muscle fatigue/pain when chewing?","haven_labelled"
"o17_05","Do you have headaches frequently?","haven_labelled"
"o17_06","Do you feel nape pain or torticollis?","haven_labelled"
"o17_07","Do you have earache or pain in the region close to the ear?","haven_labelled"
"o17_08","Have you ever noticed if you have noises in the joint close to the ear (TMJ) whe","haven_labelled"
"o17_09","Have you observed if you have any habits such as clenching and/or grinding your","haven_labelled"
"o17_10","Do you feel that your teeth do not articulate well?","haven_labelled"
"o17_11","Do you consider yourself a tense (nervous) person?","haven_labelled"
"o17_12"," Do you have tinnitus?","haven_labelled"
"o17_13"," Do you feel pressure in your ear (clogged ear sensation)?","haven_labelled"
"o18","In the last 6 months,have you had difficulties eating or felt pain when drinking","haven_labelled"
"o20","In the last 6 months, have you felt bothered when brushing?","haven_labelled"
"o21","In the last 6 months, have you felt nervous or irritated?","haven_labelled"
"o22","In the LAST 6 MONTHS, have you stopped going out, having fun and attending parti","haven_labelled"
"o23","In the last 6 months, have you had difficulties talking?","haven_labelled"
"o24","In the last 6 months, have you felt embarrassed when talking or smiling?","haven_labelled"
"o25","In the last 6 months, have you had difficulties working?","haven_labelled"
"o26","In the last 6 months, have you had trouble sleeping?","haven_labelled"
"o26_1","In the LAST 6 MONTHS, did you stop playing sports?","haven_labelled"
"o27","Was this section answered with someone elseâ€™s assistance?","haven_labelled"
"p1","Interviewer: check whether the respondent is bedridden (person who is ill and st","haven_labelled"
"p2","Interviewer: check whether the respondent uses a wheelchair (wheelchair chair us","haven_labelled"
"p3","Do you use any device or equipment to walk?","haven_labelled"
"p4","What kind of device or equipment do you use to walk?","haven_labelled"
"p5","Do you have difficulty running or jogging one kilometer or 10 blocks?","haven_labelled"
"p6","Do you have difficulty walking one kilometer, continuously?","haven_labelled"
"p7","Do you have difficulty walking 100 meters (one block)?","haven_labelled"
"p8","Do you have difficulty climbing several flights of stairs without resting?","haven_labelled"
"p9","Do you have difficulty climbing one flight of stairs without stopping or resting","haven_labelled"
"p10","Do you have difficulty sitting still for about two hours?","haven_labelled"
"p10_1","Do you have difficulty getting up from a chair after sitting for a long time?","haven_labelled"
"p12","Do you have difficulty bending over, kneeling or crouching?","haven_labelled"
"p13","Do you have difficulty with extending one or both arms above shoulder level?","haven_labelled"
"p14","Do you have any difficulty with pulling or pushing large objects, such as an arm","haven_labelled"
"p15","Do you have difficulty with lifting or carrying weights heavier than 5 kilograms","haven_labelled"
"p16","Do you have difficulty picking up a coin from a table?","haven_labelled"
"p17","Do you have any difficulty with doing your own personal hygiene?","haven_labelled"
"p17_1","Is this difficulty due to a health problem or a memory problem?","haven_labelled"
"p17_2","Do you need help with DOING YOUR PERSONAL HYGIENE?","haven_labelled"
"p18","Do you receive help with doing your personal hygiene?","haven_labelled"
"p20","Do you have any difficulty with preparing a hot meal?","haven_labelled"
"p20_1","Is this difficulty due to a health problem or a memory problem?","haven_labelled"
"p20_2","Do you need help with preparing a hot meal?","haven_labelled"
"p21","Do you receive help with preparing a hot meal?","haven_labelled"
"p24","Do you have any difficulty with using any type of transportation as a passenger?","haven_labelled"
"p24_1","Is this difficulty due to a health problem or a memory problem?","haven_labelled"
"p24_2","Do you need help with using any type of transportation as a passenger?","haven_labelled"
"p25","Do you receive help with using any type of transportation as a passenger?","haven_labelled"
"p26","Do you have any difficulty with doing shopping?","haven_labelled"
"p26_1","Is this difficulty due to a health problem or a memory problem?","haven_labelled"
"p26_2","Do you need help with doing shopping?","haven_labelled"
"p27","Do you receive help with doing shopping?","haven_labelled"
"p28","Do you have any difficulty with using telephone?","haven_labelled"
"p28_1","Is this difficulty due to a health problem or a memory problem?","haven_labelled"
"p28_2","Do you need help with using telephone?","haven_labelled"
"p29","Do you receive help with using telephone?","haven_labelled"
"p30","Do you have any difficulty with taking/managing your own medication?","haven_labelled"
"p30_1","Is this difficulty due to a health problem or a memory problem?","haven_labelled"
"p30_2","Do you need help with taking/managing your own medications?","haven_labelled"
"p31","Do you receive help with taking/managing your own medications?","haven_labelled"
"p31_1","Do you have any difficulty with walking around your house or in the garden?","haven_labelled"
"p31_2","Is this difficulty due to a health problem or a memory problem?","haven_labelled"
"p31_3","Do you need help with walking around your house or in the garden?","haven_labelled"
"p31_4","Do you receive help with walking around your house or in the garden?","haven_labelled"
"p31_5"," Who does help you the most with these activities?","haven_labelled"
"p31_6"," Is the person who helps the most with these activities female or male?","haven_labelled"
"p31_7","If a family member, who is the person who helps the most with these activities?","haven_labelled"
"p22","Do you have any difficulty with managing your own money?","haven_labelled"
"p22_1","Is this difficulty due to a health problem or a memory problem?","haven_labelled"
"p22_2","Do you need help with managing your own money?","haven_labelled"
"p22_3","Do you receive help with managing your own money?","haven_labelled"
"p22_4","Who does help you the most with managing your own money?","haven_labelled"
"p22_5","Is the person who helps the most with this activity female or male?","haven_labelled"
"p22_6","If a family member, who is the person who helps the most with this activity?","haven_labelled"
"p33","Do you have any difficulty with performing light housekeeping?","haven_labelled"
"p33_1","Is this difficulty due to a health problem or a memory problem?","haven_labelled"
"p33_2","Do you need help with performing light housekeeping?","haven_labelled"
"p34","Do you receive help with performing light housekeeping?","haven_labelled"
"p35","Do you have any difficulty with performing heavy housekeeping?","haven_labelled"
"p35_1","Is this difficulty due to a health problem or a memory problem?","haven_labelled"
"p35_2","Do you need help with performing heavy housekeeping?","haven_labelled"
"p36","Do you receive help with performing heavy housekeeping?","haven_labelled"
"p36_1","Who does help you the most with performing light or heavy housekeeping?","haven_labelled"
"p36_2","Is the person who helps the most with these activities female or male?","haven_labelled"
"p36_3","If a family member, who is the person who helps the most with these activities?","haven_labelled"
"p37","Do you have any difficulty with getting across a room or walking from one room t","haven_labelled"
"p37_1","Is this difficulty due to a health problem or a memory problem?","haven_labelled"
"p37_2","Do you need help with getting across a room or walking from one room to another","haven_labelled"
"p38","Do you receive help with getting across a room or walking from one room to anoth","haven_labelled"
"p40","Do you have any difficulty with dressing up?","haven_labelled"
"p40_1","Is this difficulty due to a health problem or a memory problem?","haven_labelled"
"p40_2","Do you need help with getting yourself dressed up?","haven_labelled"
"p41","Do you receive help with getting yourself dressed up?","haven_labelled"
"p43","Do you have any difficulty with showering?","haven_labelled"
"p43_1","Is this difficulty due to a health problem or a memory problem?","haven_labelled"
"p43_2","Do you need help with showering?","haven_labelled"
"p44","Do you receive help with showering?","haven_labelled"
"p46","Do you have any difficulty with eating from a dish that was placed in front of y","haven_labelled"
"p46_1","Is this difficulty due to a health problem or a memory problem?","haven_labelled"
"p46_2","Do you need help with eating?","haven_labelled"
"p47","Do you receive help with eating?","haven_labelled"
"p49","Do you have any difficulty with getting in or out of bed?","haven_labelled"
"p49_1","Is this difficulty due to a health problem or a memory problem?","haven_labelled"
"p49_2","Do you need help with getting in or out of bed?","haven_labelled"
"p50","Do you receive help with getting in or out of bed?","haven_labelled"
"p55","Do you have any difficulty with using the bathroom?","haven_labelled"
"p55_1","Is this difficulty due to a health problem or a memory problem?","haven_labelled"
"p55_2","Do you need help with using the bathroom?","haven_labelled"
"p56","Do you receive help with using the bathroom?","haven_labelled"
"p58","In the last month, have you ever lost control of urine or feces,unintentionally?","haven_labelled"
"p59","From 0 (zero) to 10 (ten), what score would you give for this leaking?","haven_labelled"
"p59_1","Who does help you the most with performing basic activities of daily living?","haven_labelled"
"p59_2","If a family member, who is the person who helps the most with these activities?","haven_labelled"
"p61","How old is this person?","haven_labelled"
"p62","What is the personÂ´s sex who helped you the most with BADL?","haven_labelled"
"p63","What is this personâ€™s marital status?","haven_labelled"
"p64","Does this person know how to read and write a message?","haven_labelled"
"p65","Has this person received specific training to care for older adults?","haven_labelled"
"p66","How many hours of training did this person receive to care for older adults?","haven_labelled"
"p67","Did this person stop working or studying to help you?","haven_labelled"
"p68","In the last week, how many hours did this person help you?","haven_labelled"
"p69"," Summing all the people that help you perform basic activities of daily living,","haven_labelled"
"p69_1","In total, in the last 30 days, how much did you or someone in your family pay fo","haven_labelled"
"p70","In the last 12 months, have you kept contact with other people by letters, telep","haven_labelled"
"p71","In the last 12 months, have you visited your friends and/or relatives in their h","haven_labelled"
"p72"," In the last 12 months, have you invited other people to come to your house to h","haven_labelled"
"p73","In the last 12 months, have you gone out with other people to public places?","haven_labelled"
"p74","In the last 12 months, have you participated in organized social activities?","haven_labelled"
"p75","In the last 12 months, have you participated in civil associations, councils, co","haven_labelled"
"p76","In the last 12 months, have you used the computer, including the internet?","haven_labelled"
"p76_1","On average, how often do you use the internet or send/receive messages by email?","haven_labelled"
"p77"," In the last 12 months, have you driven?","haven_labelled"
"p77_1","Do you have a car available when you need it? It doesn't matter if you are a dri","haven_labelled"
"p77_2"," How often do you use public transportation?","haven_labelled"
"p78","In the last 12 months, have you met your colleagues/friends/relatives to play ga","haven_labelled"
"p78_1","How often do you usually go to the movie theater?","haven_labelled"
"p78_2","How often do you usually go out to eat?","haven_labelled"
"p78_3","How often do you usually go out to the theater, attend a concert/opera or attend","haven_labelled"
"p78_4","How often do you go out to museums or art galleries?","haven_labelled"
"p79","In the last 12 months, have you made any handcrafts or practiced any hobbies?","haven_labelled"
"p80","In the last 12 months, have you gone on a short leisure trip?","haven_labelled"
"p81","In the last 12 months, have you gone on a long leisure trip?","haven_labelled"
"p82","In the last 12 months, have you done any volunteer work?","haven_labelled"
"p83","In the last 12 months, how often have you done volunteer work?","haven_labelled"
"p84","In the last 30 days, on average, how many hours per week have you done volunteer","haven_labelled"
"p85","In the last 12 months, have you taken care of anyone, without being paid, includ","haven_labelled"
"p86","In the last 12 months, how often have you taken care of this person?","haven_labelled"
"p87","In the last week for how many hours have you taken care of this person?","haven_labelled"
"p88","Was this section answered with someone elseâ€™s assistance?","haven_labelled"
"q1","Interviewer: Is the questionnaire being answered by the participant him/herself?","haven_labelled"
"q2","Do you know how to read and write a note?","haven_labelled"
"q3","Currently, how do you classify your memory?","haven_labelled"
"q4","Comparing your memory to how it was 2 years ago, your current memory is:","haven_labelled"
"q7"," Interviewer: Is the day correct?","haven_labelled"
"q8"," Interviewer: Is the month correct?","haven_labelled"
"q9"," Interviewer: Is the year correct?","haven_labelled"
"q10"," Interviewer: Is the day of the week correct?","haven_labelled"
"q11"," Interviewer: Is the participant able to perform the task?","haven_labelled"
"q12","Interviewer: Can the interviewee hear correctly?","haven_labelled"
"q13","Interviewer: Number of words recalled correctly","haven_labelled"
"q14","Interviewer: Number of animals that were mentioned correctly","haven_labelled"
"q15","Interviewer: Did you have to ask what the respondent should have done?","haven_labelled"
"q16","Interviewer: What did the respondent do when you handed over to him/her the pape","haven_labelled"
"q17","Number of correct words that were recalled","haven_labelled"
"q18","What do people usually use to cut a paper?","haven_labelled"
"q19","What is the fruit that, when mature, is yellow and we peel to eat?","haven_labelled"
"q20","Who is currently the president of Brazil?","haven_labelled"
"q21","Who is the vice-president of Brazil?","haven_labelled"
"qp1","How would you classify the memory of the interviewee currently?","haven_labelled"
"qp2","Compared to the last month, would you say that the memory of the interviewee is:","haven_labelled"
"qp3","Do you know the interviewee for at least two years?","haven_labelled"
"qp4","The memory to recall issues related to family and friends","haven_labelled"
"qp5","Do you think there was much improvement or some improvement?","haven_labelled"
"qp6","Do you think there was much worsening or some worsening?","haven_labelled"
"qp7","How is his/her ability to remember situations that recently happened?","haven_labelled"
"qp8","Do you think there was much improvement or some improvement?","haven_labelled"
"qp9","Do you think there was much worsening or some worsening?","haven_labelled"
"qp10","How is his/her ability to remember conversations that happened a few days earlie","haven_labelled"
"qp11","Do you think there was much improvement or some improvement?","haven_labelled"
"qp12","Do you think there was much worsening or some worsening?","haven_labelled"
"qp13","How is his/her ability to remember his own address or his phone number?","haven_labelled"
"qp14","Do you think there was much improvement or some improvement?","haven_labelled"
"qp15","Do you think there was much worsening or some worsening?","haven_labelled"
"qp16","How is his/her ability to remember the day and month in which we are?","haven_labelled"
"qp17","Do you think there was much improvement or some improvement?","haven_labelled"
"qp18","Do you think there was much worsening or some worsening?","haven_labelled"
"qp19","How is his/her ability to remember where things were kept?","haven_labelled"
"qp20","Do you think there was much improvement or some improvement?","haven_labelled"
"qp21","Do you think there was much worsening or some worsening?","haven_labelled"
"qp22","How is his/her ability to remember where things were kept(placed in a different","haven_labelled"
"qp23","Do you think there was much improvement or some improvement?","haven_labelled"
"qp24","Do you think there was much worsening or some worsening?","haven_labelled"
"qp25","How is his/her ability to remember how the main home appliances work?","haven_labelled"
"qp26","Do you think there was much improvement or some improvement?","haven_labelled"
"qp27","Do you think there was much worsening or some worsening?","haven_labelled"
"qp28","How is his/her ability to learn how to use a new appliance existing at home?","haven_labelled"
"qp29","Do you think there was much improvement or some improvement?","haven_labelled"
"qp30","Do you think there was much worsening or some worsening?","haven_labelled"
"qp31","How is his/her ability to learn new things (tasks/abilities) in general?","haven_labelled"
"qp32","Do you think there was much improvement or some improvement?","haven_labelled"
"qp33","Do you think there was much worsening or some worsening?","haven_labelled"
"qp34","How is his/her ability to follow a story either in a book or on television?","haven_labelled"
"qp35","Do you think there was much improvement or some improvement?","haven_labelled"
"qp36","Do you think there was much worsening or some worsening?","haven_labelled"
"qp37","How is his/her ability to make decisions on daily situations?","haven_labelled"
"qp38","Do you think there was much improvement or some improvement?","haven_labelled"
"qp39","Do you think there was much worsening or some worsening?","haven_labelled"
"qp40","How is his/her ability to handle money to make purchases?","haven_labelled"
"qp41","Do you think there was much improvement or some improvement?","haven_labelled"
"qp42","Do you think there was much worsening or some worsening?","haven_labelled"
"qp43","How is his/her ability to deal with financial situations?","haven_labelled"
"qp44","Do you think there was much improvement or some improvement?","haven_labelled"
"qp45","Do you think there was much worsening or some worsening?","haven_labelled"
"qp46","How is his/her ability to deal with arithmetical problems on a daily basis?","haven_labelled"
"qp47","Do you think there was much improvement or some improvement?","haven_labelled"
"qp48","Do you think there was much worsening or some worsening?","haven_labelled"
"qp49","How is his/her ability to understand what is going?","haven_labelled"
"qp50","Do you think there was much improvement or some improvement?","haven_labelled"
"qp51","Do you think there was much worsening or some worsening?","haven_labelled"
"qp52","Has the interviewee been getting lost frequently in environments that are famili","haven_labelled"
"qp53","Has the interviewee been getting lost frequently in the street, needing help to","haven_labelled"
"qp54","Can the interviewee be left alone for a period of one hour?","haven_labelled"
"qp55","Has the interviewee seen or heard things that donâ€™t exist?","haven_labelled"
"r1","Is the interview being answered with the help of another person?","haven_labelled"
"r2","During the last week, have you felt depressed most of the time?","haven_labelled"
"r3","During the LAST WEEK, have you felt most of the time that things were more diffi","haven_labelled"
"r4","During the LAST WEEK, have you felt most of the time that your sleep was not res","haven_labelled"
"r5","During the last week, have you felt happy most of the time?","haven_labelled"
"r6","During the last week, have you felt lonely most of the time?","haven_labelled"
"r7","During the last week, have you enjoyed or felt pleasure by life most of the time","haven_labelled"
"r8","During the last week, have you felt sad most of the time?","haven_labelled"
"r9","During the LAST WEEK, have you felt unable to carry out your things most of the","haven_labelled"
"s1","Do you have living children who do not live with you?","haven_labelled"
"s2","How often do you meet (in person) with any of your children, not counting the on","haven_labelled"
"s3","How often do you talk on the phone with any of your children, not counting the o","haven_labelled"
"s4","Do you have any other relatives who do not live with you?","haven_labelled"
"s5"," How often do you meet (in person) with any of your relatives, not counting the","haven_labelled"
"s6"," How often do you talk on the phone, skype, whatsapp, and facebook with any of y","haven_labelled"
"s7","Do you have friends?","haven_labelled"
"s8","How often do you meet (in person) with any of your friends, not counting the one","haven_labelled"
"s9","How often do you talk on the phone or on skype with any of your friends, not cou","haven_labelled"
"s10","Is the interviewee answering with the help of another person?","haven_labelled"
"s11","Main person who will help you to take care of home if you need due to illness","haven_labelled"
"s12","If, due to illness, you need help with shopping, paying bills or going to the ba","haven_labelled"
"s13","If you want to tell a secret, who else can you trust?","haven_labelled"
"s14","If you need to borrow some money or an object, who would you ask?","haven_labelled"
"s15","Do you get annoyed because you think people try to help you more than you think","haven_labelled"
"s16","Do you think people make a lot of charges, requirements or criticism of you?","haven_labelled"
"s16_1","How often do you miss company?","haven_labelled"
"s16_2","How often do you feel excluded?","haven_labelled"
"s16_3","How often do you feel isolated from others?","haven_labelled"
"s16_4","How often do you feel in tune with the people around you?","haven_labelled"
"s17","How often do you feel alone/lonely?","haven_labelled"
"s18","Please, think about your level of satisfaction with life and point out the corre","haven_labelled"
"s19","Evaluate your level of satisfaction with life compared to other people of the sa","haven_labelled"
"s20","In the last 12 months, have you experienced the death of a spouse or partner?","haven_labelled"
"s21","In the last 12 months, have you experienced the death of a child?","haven_labelled"
"s22","In the last 12 months, have you experienced the death of other loved one?","haven_labelled"
"s23","In the last 12 months, have you experienced a severe illness of a child or a gra","haven_labelled"
"s24","In the last 12 months, have you gotten seriously ill?","haven_labelled"
"s25","In the last 12 months, have you experienced unemployment, divorce or financial p","haven_labelled"
"s26","In the last 12 months, have you experienced any kind of violence suffered by you","haven_labelled"
"s27","In the last 12 months, were you a victim of an act of violence?","haven_labelled"
"s28_1"," Do you have a religion?","haven_labelled"
"s29","In the last 12 months, how often have you participated in religious ceremonies,","haven_labelled"
"s30","To what extent does religious faith bring meaning to your life?","haven_labelled"
"s31","To what extent is daily praying or meditating important to you?","haven_labelled"
"s32","Do you consider yourself active in the practice of your religion?","haven_labelled"
"s33","Does religion help you face difficult times?","haven_labelled"
"s34","Does religion help you to be a more upright person?","haven_labelled"
"s35","Does being part of a religious group make you feel accepted and participative?","haven_labelled"
"s36","How often do you think your age prevents you from doing things that you would li","haven_labelled"
"s37","How often do you think that things that happen to you are out of your control?","haven_labelled"
"s38","How often do you feel free to make plans for future?","haven_labelled"
"s39","How often do you feel excluded from events?","haven_labelled"
"s40","How often do you get to do the things that you wish to do?","haven_labelled"
"s41","How often do your family responsibilities prevent you from doing what you want?","haven_labelled"
"s42","How often are you able to look for activities that give you pleasure?","haven_labelled"
"s43","How often does your health prevent you from doing things that you would like to","haven_labelled"
"s44","How often do your financial problems prevent you from doing things that you woul","haven_labelled"
"s45","How often do you wait enthusiastically for each day?","haven_labelled"
"s46","How often do you feel that your life has a meaning?","haven_labelled"
"s47","How often do you like the things that you do?","haven_labelled"
"s48","How often do you like to be in the company of other people?","haven_labelled"
"s49","How often do you have a feeling of happiness when you think about what you have","haven_labelled"
"s50","How often do you feel full of energy?","haven_labelled"
"s51","How often do you like to do new things?","haven_labelled"
"s52","How often do you feel satisfied with your achievements?","haven_labelled"
"s53","How often do you think that life is full of opportunities?","haven_labelled"
"s54","How often do you feel optimistic about the future?","haven_labelled"
"t1","Are you taking any medication of regular or continuous use that was prescribed b","haven_labelled"
"t2","How many medications of regular or continuous use, prescribed by the doctor, hav","haven_labelled"
"t3"," In the last 30 days, how much have you spent on medications of regular or conti","haven_labelled"
"t4","What is the range that best represents the amount paid?","haven_labelled"
"t5","In general, what is the main problem you have to deal with in order to get medic","haven_labelled"
"t6","In the last 30 days, due to financial problems, you:","haven_labelled"
"t7","Was this section answered with someone elseâ€™s assistance?","haven_labelled"
"u1","Are you covered by a private health insurance plan from a company or a public ag","haven_labelled"
"u2","For how long have you had a health insurance plan?","haven_labelled"
"u3","Considering the last 3 months, how much have you paid for the last monthly fee o","haven_labelled"
"u4","What is the range that best represents the last amount paid?","haven_labelled"
"u5","Who paid for the last monthly fee of your health insurance plan?","haven_labelled"
"u6","In the last 12 months, how many times have you seen a doctor?","haven_labelled"
"u7","How did you get the last medical appointment?","haven_labelled"
"u8","In the last 12 months, how many of your medical visits were with specialists?","haven_labelled"
"u9","In the last 12 months, how many of your medical visits were at your home?","haven_labelled"
"u10","Is there a health care professional or a service that you usually seek when you","haven_labelled"
"u11","Since when have you been seeing this health care professional or service?","haven_labelled"
"u12","Do you find it easy to get a medical appointment?","haven_labelled"
"u13","Do you get a medical appointment within 24 hours when you are sick?","haven_labelled"
"u14","Do you manage to request information over the phone when you need health care, n","haven_labelled"
"u15","Do you or your companion have to skip work or miss a full workday to get you to","haven_labelled"
"u16","Are you seen by the same doctor who saw you the previous time(s)?","haven_labelled"
"u17","Does the doctor who sees you listen to your complaints carefully?","haven_labelled"
"u18","Explain details about your health or treatment in a way that you can understand?","haven_labelled"
"u19","Know about all the medications that you are taking?","haven_labelled"
"u20","Have the capacity of solving most of your health problems?","haven_labelled"
"u21","Does the doctor who sees you ask about the health of other members of your famil","haven_labelled"
"u22","Does the doctor who sees you know your main health problems?","haven_labelled"
"u23","Do you consider that your medical visit lasts the necessary amount of time?","haven_labelled"
"u24","How often does the primary care doctor or general doctor talk to you about the r","haven_labelled"
"u25","Do you usually need an appointment with a general doctor to get an appointment w","haven_labelled"
"u26","How often does the person who sees you (general doctor or another health profess","haven_labelled"
"u27","Would you recommend to someone else the doctors or professionals of the health s","haven_labelled"
"u28","In the last 12 months, has any doctor talked to you about diet or nutrition care","haven_labelled"
"u29","In the last 12 months, has any doctor talked to you about physical activities or","haven_labelled"
"u30","In the last 12 months, has any doctor talked to you about alcohol use?","haven_labelled"
"u31","In the last 12 months, has any doctor talked to you about tobacco use?","haven_labelled"
"u32","Have you sought a health service to get an appointment related to your health in","haven_labelled"
"u33","Where did you first seek health care in the last 2 weeks?","haven_labelled"
"u34","Were you taken care of the first time you sought care in this health service in","haven_labelled"
"u35"," What was the reason for not being taken care of the first time you sought care","haven_labelled"
"u36","In this latest appointment, within the last 2 weeks, was any medication prescrib","haven_labelled"
"u37","Were you able to get all the medications that were prescribed to you on your lat","haven_labelled"
"u38","Why didnâ€™t you get all the medications that were prescribed to you","haven_labelled"
"u39","Did you get for free any of the medications that were prescribed to you on your","haven_labelled"
"u40","Would you recommend to someone else the professionals of the health service used","haven_labelled"
"u41","In general, what displeases you most when you need health services?","haven_labelled"
"u42","In the last 12 months,have you been admitted to a hospital for 24 hours or more?","haven_labelled"
"u43","In the last 12 months, how many times have you been hospitalized?","haven_labelled"
"u44","In this latest hospitalization, for how many days did you stay in the hospital?","haven_labelled"
"u45","Would you recommend to someone else the doctors or professionals from the hospit","haven_labelled"
"u46","After your latest hospitalization, did your doctor or the health service you usu","haven_labelled"
"u47","In the last 12 months, have you received urgent care at home?","haven_labelled"
"u48","In the last 12 months, how many times have you received urgent care at home?","haven_labelled"
"u49","In the last 12 months, have you sought urgent care?","haven_labelled"
"u50","Where did you seek this urgent care?","haven_labelled"
"u50_1","In the last 90 days, have you had any medical appointments?","haven_labelled"
"u50_2","In the last 90 days, how many medical appointments have you had?","haven_labelled"
"u51","In the last 90 days, have you paid for any medical appointments?","haven_labelled"
"u52","In the last 90 days, how much have you spent in total with medical appointments?","haven_labelled"
"u53","What is the range that best represents the amount paid in the last 90 days?","haven_labelled"
"u53_1","In the last 90 days, have you had any dental appointments?","haven_labelled"
"u53_2","In the LAST 90 DAYS, how many dental appointments have you had?","haven_labelled"
"u54","In the last 90 days, have you paid any dental appointment/treatment?","haven_labelled"
"u55","In the last 90 days, how much have you spent in total with dental appointments/t","haven_labelled"
"u56","What is the range that best represents the amount paid in the last 90 days?","haven_labelled"
"u57","In the last 90 days, have you had expenditures with hospitalization?","haven_labelled"
"u58","In the last 90 days, how much have you spent in total with hospitalizations?","haven_labelled"
"u59","What is the range that best represents the amount paid in the last 90 days?","haven_labelled"
"u59_1","In the last 90 days, have you had any appointments/treatments with a physical th","haven_labelled"
"u59_2","In the last 90 days, how many appointments with a physical therapist have you ha","haven_labelled"
"u60","In the last 90 days, have you paid for any appointments/treatments with a physic","haven_labelled"
"u61","In the last 90 days, how much have you spent in total with appointments/treatmen","haven_labelled"
"u62","What is the range that best represents the amount paid in the last 90 days?","haven_labelled"
"u62_1","In the last 90 days, have you had any appointments with an occupational therapis","haven_labelled"
"u62_2","In the last 90 days, how many appointments with an occupational therapist have y","haven_labelled"
"u63","In the last 90 days, have you paid for any appointments/treatments with an occup","haven_labelled"
"u64","In the last 90 days, how much have you spent in total with an occupational thera","haven_labelled"
"u65","What is the range that best represents the amount paid in the last 90 days?","haven_labelled"
"u65_1","In the last 90 days, have you had any appointments with a speech therapist?","haven_labelled"
"u65_2","In the last 90 days, how many appointments with a speech therapist have you had?","haven_labelled"
"u66","In the last 90 days, have you paid for any appointments/treatments with a speech","haven_labelled"
"u67","In the last 90 days, how much have you spent in total with a speech therapist?","haven_labelled"
"u68","What is the range that best represents the amount paid in the last 90 days?","haven_labelled"
"u68_1","In the LAST 90 DAYS, have you had any appointments with a psychologist?","haven_labelled"
"u68_2","In the last 90 days, how many appointments with psychologist have you had?","haven_labelled"
"u69","In the last 90 days, have you paid for any appointments/treatments with a psycho","haven_labelled"
"u70","In the last 90 days, how much have you spent in total with a psychologist?","haven_labelled"
"u71","What is the range that best represents the amount paid in the last 90 days?","haven_labelled"
"u71_1","In the last 90 days, have you been cared for by a caregiver or a nursing assista","haven_labelled"
"u71_2","IN THE LAST 90 DAYS, how many days have you been cared for by these professional","haven_labelled"
"u72","In the last 90 days, have you had expenditures with caregivers or a nursing assi","haven_labelled"
"u73","In the last 90 days, how much have you spent in total with caregivers or a nursi","haven_labelled"
"u74","What is the range that best represents the amount paid in the last 90 days?","haven_labelled"
"u75","In the last 90 days, have you had expenditures with lab exams or imaging exams o","haven_labelled"
"u76","In the last 90 days, how much have you spent in total with lab exams or imaging","haven_labelled"
"u77","What is the range that best represents the amount paid in the last 90 days?","haven_labelled"
"u77_1","In the last 90 days, have you had any appointments with a nutritionist?","haven_labelled"
"u77_2","In the last 90 days, how many appointments with a nutritionist have you had?","haven_labelled"
"u78","In the last 90 days, have you paid for any appointments/treatments with a nutrit","haven_labelled"
"u79","In the last 90 days, how much have you spent in total with a nutritionist?","haven_labelled"
"u80","What is the range that best represents the amount paid in the last 90 days?","haven_labelled"
"u81","Was this section answered with someone elseâ€™s assistance?","haven_labelled"
"mf1","Give permission to perform some physical measurements?","haven_labelled"
"mf2","Interviewer: Which arm will the measurement be performed on?","haven_labelled"
"mf9","Average Systolic Blood Pressure","haven_labelled"
"mf10","Average Diastolic Blood Pressure","haven_labelled"
"mf10_1","Average Pulse","haven_labelled"
"mf13","Average height","haven_labelled"
"mf14","Can you tell me your height?","haven_labelled"
"mf15","Please tell me your height","haven_labelled"
"mf17m","Average waist circumference","haven_labelled"
"mf19m","Average hip circumference","haven_labelled"
"mf22","Average weight","haven_labelled"
"mf23","Can you tell me your weight?","haven_labelled"
"mf24","Please tell me your weight","haven_labelled"
"mf25","In the last 3 months, have you had any surgery performed on the dominant arm or","haven_labelled"
"mf26","Hand used in the test","haven_labelled"
"mf27","First measurement - Handgrip strength","haven_labelled"
"mf28","Second measurement - Handgrip strength","haven_labelled"
"mf29","Third measurement - Handgrip strength","haven_labelled"
"mf30","Balance test: feet side by side","haven_labelled"
"mf31","Balance test: one foot a little ahead of the other","haven_labelled"
"mf32","Balance test: one foot behind the other","haven_labelled"
"mf35s","Walking test: first measurement (in seconds)","haven_labelled"
"mf38s","Walking test: second measurement (in seconds)","haven_labelled"
"mf39","Interviewer: Did the respondent use any device or support instrument to perform","haven_labelled"
"ci1","Interviewer: Have any part or all of the questionnaire been answered by a proxy","haven_labelled"
"ci3","Age of the proxy","haven_labelled"
"ci4","Sex of the proxy","haven_labelled"
"ci5","Education (highest grade) of the proxy","haven_labelled"
"ci6","What is the family relationship between the proxy and the respondent?","haven_labelled"
"ci7","Does the proxy live with the respondent?","haven_labelled"
"ci8","How long have the proxy been living with the respondent?","haven_labelled"
"ci9","For how long have the proxy known the respondent?","haven_labelled"
"house_income","Monthly household income","numeric"
"house_income_pc","Monthly household income per capita","numeric"
"ind_income","Monthly participant income","numeric"
"assets","Assets","numeric"
